{
  "type": "piecewise",
  "a": 0.10685551564579743,
  "b": 1.826345632393388,
  "c": -1.816345632393388,
  "d": 0.19265010350619066,
  "knots": [
    40.0,
    60.0
  ],
  "clip": [
    20,
    80
  ]
}