{
  "type": "piecewise",
  "a": 0.09662802588652399,
  "b": 1.7073134400916734,
  "c": -1.6973134400916734,
  "d": -8.673617379884035e-18,
  "knots": [
    40.0,
    60.0
  ],
  "clip": [
    20,
    80
  ]
}