{
  "type": "linear",
  "slope": 0.9031615963531585,
  "intercept": 5.409544012998159,
  "clip": [
    20,
    80
  ]
}