{
  "type": "linear",
  "slope": 0.576197863953329,
  "intercept": 14.837202704219173,
  "clip": [
    20,
    80
  ]
}