{
  "type": "linear",
  "slope": 0.679027299976371,
  "intercept": 19.790827002251465,
  "clip": [
    20,
    80
  ]
}