{
  "type": "linear",
  "slope": 0.9014017069714976,
  "intercept": 1.1728588580277668,
  "clip": [
    20,
    80
  ]
}